path/pos-251.jpg,39,9,241,293,class
path/pos-279.jpg,39,9,241,293,class
path/pos-292.jpg,39,9,241,293,class
path/pos-286.jpg,39,9,241,293,class
path/pos-18.jpg,39,9,241,293,class
path/pos-30.jpg,39,9,241,293,class
path/pos-24.jpg,39,9,241,293,class
path/pos-127.jpg,39,9,241,293,class
path/pos-133.jpg,39,9,241,293,class
path/pos-132.jpg,39,9,241,293,class
path/pos-126.jpg,39,9,241,293,class
path/pos-25.jpg,39,9,241,293,class
path/pos-31.jpg,39,9,241,293,class
path/pos-19.jpg,39,9,241,293,class
path/pos-287.jpg,39,9,241,293,class
path/pos-293.jpg,39,9,241,293,class
path/pos-278.jpg,39,9,241,293,class
path/pos-244.jpg,39,9,241,293,class
path/pos-250.jpg,39,9,241,293,class
path/pos-246.jpg,39,9,241,293,class
path/pos-252.jpg,39,9,241,293,class
path/pos-285.jpg,39,9,241,293,class
path/pos-291.jpg,39,9,241,293,class
path/pos-27.jpg,39,9,241,293,class
path/pos-130.jpg,39,9,241,293,class
path/pos-124.jpg,39,9,241,293,class
path/pos-118.jpg,39,9,241,293,class
path/pos-119.jpg,39,9,241,293,class
path/pos-125.jpg,39,9,241,293,class
path/pos-131.jpg,39,9,241,293,class
path/pos-32.jpg,39,9,241,293,class
path/pos-26.jpg,39,9,241,293,class
path/pos-290.jpg,39,9,241,293,class
path/pos-284.jpg,39,9,241,293,class
path/pos-247.jpg,39,9,241,293,class
path/pos-243.jpg,39,9,241,293,class
path/pos-257.jpg,39,9,241,293,class
path/pos-36.jpg,39,9,241,293,class
path/pos-280.jpg,39,9,241,293,class
path/pos-294.jpg,39,9,241,293,class
path/pos-109.jpg,39,9,241,293,class
path/pos-135.jpg,39,9,241,293,class
path/pos-121.jpg,39,9,241,293,class
path/pos-120.jpg,39,9,241,293,class
path/pos-134.jpg,39,9,241,293,class
path/pos-108.jpg,39,9,241,293,class
path/pos-295.jpg,39,9,241,293,class
path/pos-281.jpg,39,9,241,293,class
path/pos-37.jpg,39,9,241,293,class
path/pos-23.jpg,39,9,241,293,class
path/pos-256.jpg,39,9,241,293,class
path/pos-242.jpg,39,9,241,293,class
path/pos-268.jpg,39,9,241,293,class
path/pos-254.jpg,39,9,241,293,class
path/pos-240.jpg,39,9,241,293,class
path/pos-35.jpg,39,9,241,293,class
path/pos-21.jpg,39,9,241,293,class
path/pos-283.jpg,39,9,241,293,class
path/pos-122.jpg,39,9,241,293,class
path/pos-136.jpg,39,9,241,293,class
path/pos-137.jpg,39,9,241,293,class
path/pos-123.jpg,39,9,241,293,class
path/pos-282.jpg,39,9,241,293,class
path/pos-296.jpg,39,9,241,293,class
path/pos-20.jpg,39,9,241,293,class
path/pos-34.jpg,39,9,241,293,class
path/pos-241.jpg,39,9,241,293,class
path/pos-255.jpg,39,9,241,293,class
path/pos-269.jpg,39,9,241,293,class
path/pos-232.jpg,39,9,241,293,class
path/pos-226.jpg,39,9,241,293,class
path/pos-90.jpg,39,9,241,293,class
path/pos-84.jpg,39,9,241,293,class
path/pos-53.jpg,39,9,241,293,class
path/pos-47.jpg,39,9,241,293,class
path/pos-144.jpg,39,9,241,293,class
path/pos-150.jpg,39,9,241,293,class
path/pos-187.jpg,39,9,241,293,class
path/pos-193.jpg,39,9,241,293,class
path/pos-192.jpg,39,9,241,293,class
path/pos-186.jpg,39,9,241,293,class
path/pos-151.jpg,39,9,241,293,class
path/pos-145.jpg,39,9,241,293,class
path/pos-46.jpg,39,9,241,293,class
path/pos-52.jpg,39,9,241,293,class
path/pos-85.jpg,39,9,241,293,class
path/pos-91.jpg,39,9,241,293,class
path/pos-227.jpg,39,9,241,293,class
path/pos-231.jpg,39,9,241,293,class
path/pos-219.jpg,39,9,241,293,class
path/pos-87.jpg,39,9,241,293,class
path/pos-93.jpg,39,9,241,293,class
path/pos-78.jpg,39,9,241,293,class
path/pos-44.jpg,39,9,241,293,class
path/pos-50.jpg,39,9,241,293,class
path/pos-153.jpg,39,9,241,293,class
path/pos-147.jpg,39,9,241,293,class
path/pos-190.jpg,39,9,241,293,class
path/pos-184.jpg,39,9,241,293,class
path/pos-185.jpg,39,9,241,293,class
path/pos-191.jpg,39,9,241,293,class
path/pos-146.jpg,39,9,241,293,class
path/pos-152.jpg,39,9,241,293,class
path/pos-51.jpg,39,9,241,293,class
path/pos-45.jpg,39,9,241,293,class
path/pos-79.jpg,39,9,241,293,class
path/pos-92.jpg,39,9,241,293,class
path/pos-86.jpg,39,9,241,293,class
path/pos-218.jpg,39,9,241,293,class
path/pos-82.jpg,39,9,241,293,class
path/pos-96.jpg,39,9,241,293,class
path/pos-208.jpg,39,9,241,293,class
path/pos-220.jpg,39,9,241,293,class
path/pos-41.jpg,39,9,241,293,class
path/pos-55.jpg,39,9,241,293,class
path/pos-69.jpg,39,9,241,293,class
path/pos-156.jpg,39,9,241,293,class
path/pos-142.jpg,39,9,241,293,class
path/pos-195.jpg,39,9,241,293,class
path/pos-181.jpg,39,9,241,293,class
path/pos-180.jpg,39,9,241,293,class
path/pos-194.jpg,39,9,241,293,class
path/pos-143.jpg,39,9,241,293,class
path/pos-157.jpg,39,9,241,293,class
path/pos-68.jpg,39,9,241,293,class
path/pos-54.jpg,39,9,241,293,class
path/pos-40.jpg,39,9,241,293,class
path/pos-235.jpg,39,9,241,293,class
path/pos-209.jpg,39,9,241,293,class
path/pos-97.jpg,39,9,241,293,class
path/pos-83.jpg,39,9,241,293,class
path/pos-95.jpg,39,9,241,293,class
path/pos-81.jpg,39,9,241,293,class
path/pos-237.jpg,39,9,241,293,class
path/pos-56.jpg,39,9,241,293,class
path/pos-42.jpg,39,9,241,293,class
path/pos-169.jpg,39,9,241,293,class
path/pos-141.jpg,39,9,241,293,class
path/pos-155.jpg,39,9,241,293,class
path/pos-182.jpg,39,9,241,293,class
path/pos-196.jpg,39,9,241,293,class
path/pos-197.jpg,39,9,241,293,class
path/pos-183.jpg,39,9,241,293,class
path/pos-154.jpg,39,9,241,293,class
path/pos-140.jpg,39,9,241,293,class
path/pos-168.jpg,39,9,241,293,class
path/pos-43.jpg,39,9,241,293,class
path/pos-57.jpg,39,9,241,293,class
path/pos-236.jpg,39,9,241,293,class
path/pos-80.jpg,39,9,241,293,class
path/pos-94.jpg,39,9,241,293,class
path/pos-1.jpg,39,9,241,293,class
path/pos-213.jpg,39,9,241,293,class
path/pos-207.jpg,39,9,241,293,class
path/pos-99.jpg,39,9,241,293,class
path/pos-72.jpg,39,9,241,293,class
path/pos-66.jpg,39,9,241,293,class
path/pos-165.jpg,39,9,241,293,class
path/pos-171.jpg,39,9,241,293,class
path/pos-159.jpg,39,9,241,293,class
path/pos-158.jpg,39,9,241,293,class
path/pos-170.jpg,39,9,241,293,class
path/pos-164.jpg,39,9,241,293,class
path/pos-67.jpg,39,9,241,293,class
path/pos-73.jpg,39,9,241,293,class
path/pos-98.jpg,39,9,241,293,class
path/pos-206.jpg,39,9,241,293,class
path/pos-212.jpg,39,9,241,293,class
path/pos-204.jpg,39,9,241,293,class
path/pos-210.jpg,39,9,241,293,class
path/pos-238.jpg,39,9,241,293,class
path/pos-59.jpg,39,9,241,293,class
path/pos-65.jpg,39,9,241,293,class
path/pos-71.jpg,39,9,241,293,class
path/pos-172.jpg,39,9,241,293,class
path/pos-166.jpg,39,9,241,293,class
path/pos-199.jpg,39,9,241,293,class
path/pos-198.jpg,39,9,241,293,class
path/pos-167.jpg,39,9,241,293,class
path/pos-173.jpg,39,9,241,293,class
path/pos-70.jpg,39,9,241,293,class
path/pos-64.jpg,39,9,241,293,class
path/pos-58.jpg,39,9,241,293,class
path/pos-239.jpg,39,9,241,293,class
path/pos-211.jpg,39,9,241,293,class
path/pos-205.jpg,39,9,241,293,class
path/pos-229.jpg,39,9,241,293,class
path/pos-201.jpg,39,9,241,293,class
path/pos-215.jpg,39,9,241,293,class
path/pos-60.jpg,39,9,241,293,class
path/pos-74.jpg,39,9,241,293,class
path/pos-48.jpg,39,9,241,293,class
path/pos-177.jpg,39,9,241,293,class
path/pos-163.jpg,39,9,241,293,class
path/pos-188.jpg,39,9,241,293,class
path/pos-189.jpg,39,9,241,293,class
path/pos-162.jpg,39,9,241,293,class
path/pos-176.jpg,39,9,241,293,class
path/pos-49.jpg,39,9,241,293,class
path/pos-75.jpg,39,9,241,293,class
path/pos-61.jpg,39,9,241,293,class
path/pos-214.jpg,39,9,241,293,class
path/pos-200.jpg,39,9,241,293,class
path/pos-228.jpg,39,9,241,293,class
path/pos-88.jpg,39,9,241,293,class
path/pos-216.jpg,39,9,241,293,class
path/pos-202.jpg,39,9,241,293,class
path/pos-77.jpg,39,9,241,293,class
path/pos-63.jpg,39,9,241,293,class
path/pos-148.jpg,39,9,241,293,class
path/pos-160.jpg,39,9,241,293,class
path/pos-161.jpg,39,9,241,293,class
path/pos-149.jpg,39,9,241,293,class
path/pos-62.jpg,39,9,241,293,class
path/pos-76.jpg,39,9,241,293,class
path/pos-203.jpg,39,9,241,293,class
path/pos-217.jpg,39,9,241,293,class
path/pos-89.jpg,39,9,241,293,class
path/pos-270.jpg,39,9,241,293,class
path/pos-264.jpg,39,9,241,293,class
path/pos-258.jpg,39,9,241,293,class
path/pos-39.jpg,39,9,241,293,class
path/pos-106.jpg,39,9,241,293,class
path/pos-112.jpg,39,9,241,293,class
path/pos-113.jpg,39,9,241,293,class
path/pos-107.jpg,39,9,241,293,class
path/pos-38.jpg,39,9,241,293,class
path/pos-259.jpg,39,9,241,293,class
path/pos-265.jpg,39,9,241,293,class
path/pos-271.jpg,39,9,241,293,class
path/pos-267.jpg,39,9,241,293,class
path/pos-273.jpg,39,9,241,293,class
path/pos-12.jpg,39,9,241,293,class
path/pos-111.jpg,39,9,241,293,class
path/pos-105.jpg,39,9,241,293,class
path/pos-139.jpg,39,9,241,293,class
path/pos-138.jpg,39,9,241,293,class
path/pos-104.jpg,39,9,241,293,class
path/pos-110.jpg,39,9,241,293,class
path/pos-13.jpg,39,9,241,293,class
path/pos-272.jpg,39,9,241,293,class
path/pos-266.jpg,39,9,241,293,class
path/pos-262.jpg,39,9,241,293,class
path/pos-276.jpg,39,9,241,293,class
path/pos-17.jpg,39,9,241,293,class
path/pos-289.jpg,39,9,241,293,class
path/pos-128.jpg,39,9,241,293,class
path/pos-114.jpg,39,9,241,293,class
path/pos-100.jpg,39,9,241,293,class
path/pos-101.jpg,39,9,241,293,class
path/pos-115.jpg,39,9,241,293,class
path/pos-129.jpg,39,9,241,293,class
path/pos-288.jpg,39,9,241,293,class
path/pos-16.jpg,39,9,241,293,class
path/pos-277.jpg,39,9,241,293,class
path/pos-263.jpg,39,9,241,293,class
path/pos-249.jpg,39,9,241,293,class
path/pos-275.jpg,39,9,241,293,class
path/pos-261.jpg,39,9,241,293,class
path/pos-14.jpg,39,9,241,293,class
path/pos-28.jpg,39,9,241,293,class
path/pos-103.jpg,39,9,241,293,class
path/pos-117.jpg,39,9,241,293,class
path/pos-116.jpg,39,9,241,293,class
path/pos-102.jpg,39,9,241,293,class
path/pos-29.jpg,39,9,241,293,class
path/pos-15.jpg,39,9,241,293,class
path/pos-260.jpg,39,9,241,293,class
path/pos-274.jpg,39,9,241,293,class
path/pos-248.jpg,39,9,241,293,class